rank,flat_element_index,displacement_angstrom,dft_h_eV,sr_fixed_lr_h_eV,full_h_eV,dft_derivative_eV_per_A,sr_derivative_eV_per_A,full_derivative_eV_per_A
1,738922,-0.03,-0.1097943369054285,-0.07269463436369496,-0.06244099146705297,3.584109796351608,2.283244509600548,1.998778442221125
1,738922,-0.0275,-0.100819334633999,-0.06695542195383311,-0.05743139188998282,3.595931786993533,2.30801256868174,2.00904567678444
1,738922,-0.025,-0.09181461671244721,-0.06115487590922745,-0.0523949903255201,3.607748825163159,2.332394535775853,2.020270433441713
1,738922,-0.0225,-0.08278064192474537,-0.05529385421552877,-0.04732924977539842,3.619560910860489,2.356390410882895,2.032452712192943
1,738922,-0.02,-0.07371681638238858,-0.04937325251913155,-0.04223187514583447,3.6313503050692,2.380020954526067,2.045566664271688
1,738922,-0.0175,-0.06462375846412934,-0.04339408625478797,-0.03710052423434115,3.643184759821793,2.403230605283305,2.059652855926414
1,738922,-0.015,-0.0555010346925847,-0.03735746665436007,-0.03193264580031624,3.655035172324709,2.425994398958574,2.074885279519249
1,738922,-0.0125,-0.0463484917315932,-0.03126452375166661,-0.02672520252276371,3.666939586471519,2.448285318295969,2.091412241958503
1,738922,-0.01,-0.03716629842780649,-0.02511644682254421,-0.02147475538311347,3.678837018392586,2.47007870822953,2.109215763409392
1,738922,-0.0075,-0.02795436852113015,-0.01891457532877914,-0.0161784335355496,3.690724730708834,2.491338531102023,2.128006686638253
1,738922,-0.005,-0.01871263956143276,-0.01266022380270181,-0.0108342383920645,3.70260160136091,2.512028929628191,2.147365640990709
1,738922,-0.0025,-0.009441290354733354,-0.006354872918243618,-0.005441434840551582,3.71451377442418,2.532141324799588,2.166854472655117
1,738922,0,-0.0001402107765517763,3.29683533030867e-16,-6.41554899600979e-17,3.726422958251881,2.551688269348384,2.186096855339166
1,738922,0.0025,0.009190935424211807,0.006403042214505494,0.005489078438797167,3.738347558971213,2.570672983358899,2.204973406153758
1,738922,0.005,0.0185515450255471,0.01285284051077653,0.0110248269463524,3.75025412299031,2.589043030751253,2.223615378430885
1,738922,0.0075,0.0279421314246784,0.01934773271726713,0.01660729960138165,3.762166929690146,2.606736343210105,2.242392584052698
1,738922,0.01,0.0373624574199518,0.02588592836494072,0.02223721272707659,3.774118878889278,2.623711405431123,2.261703432178595
1,738922,0.0125,0.04681271145021706,0.03246567891075155,0.02791640114729298,3.786058621881201,2.639954076246366,2.281892159367213
1,738922,0.015,0.05629282317404072,0.03908508445307508,0.0336473485817283,3.798076134539898,2.655450394190298,2.303157850658784
1,738922,0.0175,0.0658029528664878,0.04574227121152786,0.03943288193700305,3.810061680298657,2.670174498350427,2.325442805150177
1,738922,0.02,0.07534333223251215,0.05243529797405159,0.04527527402158375,3.822063840120463,2.684102511142244,2.348552573043747
1,738922,0.0225,0.08491325187127434,0.05916211312252018,0.05117623353866031,3.8340823693188,2.697208477248458,2.372283862298171
1,738922,0.025,0.09451367901149851,0.06592063483968476,0.05713718902201367,3.846181067364335,2.709465254852768,2.396510473947163
1,738922,0.0275,0.1041442780007353,0.07270877548896928,0.06315938211900578,3.858341045451692,2.720884089975656,2.421290464256016
1,738922,0.03,0.113805414287902,0.0795243564589283,0.06924406444405881,3.870562303580877,2.731464982617123,2.446623833224726
2,757400,-0.03,-3.00310798713912,-3.009126233866077,-3.021217628187547,-1.180349737753329,-0.8973955514439456,-0.3636065754846956
2,757400,-0.0275,-3.006056301455602,-3.011371246927323,-3.022187579322613,-1.17828991064578,-0.8947050648939653,-0.3963575696293883
2,757400,-0.025,-3.008999380998918,-3.013598945793898,-3.023213163617107,-1.17617012918087,-0.8906978210497221,-0.4361319472214473
2,757400,-0.0225,-3.011937117795328,-3.015817655523077,-3.024343807668101,-1.173990393358508,-0.8853738199113081,-0.4829297082608264
2,757400,-0.02,-3.014869264355576,-3.018026606383135,-3.025627630795508,-1.171754762667433,-0.8793554393835166,-0.5471602579174828
2,757400,-0.0175,-3.017795820612008,-3.020214695714535,-3.02706852630749,-1.169448189786692,-0.8710783720022732,-0.6045277556213478
2,757400,-0.015,-3.02071649033682,-3.022377591883106,-3.028618393102532,-1.167073142384993,-0.8608025971386155,-0.6226463642156546
2,757400,-0.0125,-3.023631100934067,-3.024516869303222,-3.030163629055336,-1.164620363387712,-0.8480888654780188,-0.5847264356293067
2,757400,-0.01,-3.02653954543719,-3.026618268880556,-3.031510425467589,-1.162114514574228,-0.8345077190945744,-0.4897142885167796
2,757400,-0.0075,-3.029441618315551,-3.028675010944607,-3.032589080074851,-1.15954140457626,-0.8123163153607038,-0.364408557094805
2,757400,-0.005,-3.032337210402141,-3.030685897338393,-3.033320236483689,-1.156906636747806,-0.7793440169512564,-0.2167429903656739
2,757400,-0.0025,-3.035226098262948,-3.032582369245213,-3.033758511030389,-1.154214780886491,-0.7474995021208315,-0.1210090086304945
2,757400,0,-3.038108231433138,-3.034402667700862,-3.033902426752193,-1.151464019389493,-0.7239486380159406,-0.1047097889503448
2,757400,0.0025,-3.040983401730716,-3.036207540744868,-3.034324674398936,-1.148668899013501,-0.707039706167393,-0.1740564225799517
2,757400,0.005,-3.043851518012427,-3.037951336667122,-3.034865706369844,-1.145828805886083,-0.6854660112791748,-0.300727037924446
2,757400,0.0075,-3.046712521897563,-3.039627590037998,-3.035789843288911,-1.142956607914527,-0.659840220801243,-0.4357025169011308
2,757400,0.01,-3.049566283072112,-3.041250332714493,-3.037061778889112,-1.140054780051457,-0.6384680671207548,-0.5741284087353051
2,757400,0.0125,-3.052412747434767,-3.042823861418344,-3.038631163525823,-1.137116550948861,-0.6205538288228922,-0.6600685600518545
2,757400,0.015,-3.055251862007995,-3.044354300281114,-3.040330353659974,-1.134150167834377,-0.6051036587772387,-0.6847218546820955
2,757400,0.0175,-3.058083475250188,-3.045850605286294,-3.042016812793315,-1.13116003512215,-0.5918567857855237,-0.6469422242050769
2,757400,0.02,-3.060907610094666,-3.047316028864452,-3.043544847309495,-1.128139573682802,-0.5800271638592562,-0.5705432931508767
2,757400,0.0225,-3.063724181809825,-3.048752021008843,-3.044851592072109,-1.125095095333847,-0.5693840698689883,-0.4824521643958519
2,757400,0.025,-3.066533040800695,-3.050163840685038,-3.045954312662931,-1.122011617543148,-0.560543419135925,-0.4129994649269678
2,757400,0.0275,-3.069334203259748,-3.051555870770134,-3.046893898829597,-1.118892854258128,-0.5533579450584888,-0.3504096769334794
2,757400,0.03,-3.072127491441169,-3.052932205235375,-3.047719848721825,-1.115738805478834,-0.5478276476368275,-0.2946828004156425
3,739466,-0.03,-0.04347485777733326,-0.0213059507914228,-0.01304352334284114,1.457014655134536,0.6668921510476084,0.3938956704370151
3,739466,-0.0275,-0.03983386694870132,-0.01963022459984917,-0.01202790010281548,1.455791459914147,0.6738447473833193,0.4161341565487225
3,739466,-0.025,-0.03619590202621994,-0.01793676468641189,-0.010965775378116,1.454525515605963,0.6807940740765371,0.434265969299425
3,739466,-0.0225,-0.03256131158774692,-0.0162260015956988,-0.0098629111003416,1.453216822209985,0.687740131127262,0.448291108689123
3,739466,-0.02,-0.02892983113860797,-0.01449808152552517,-0.008727863858060018,1.451853647299472,0.6946222908982771,0.4590111213084535
3,739466,-0.0175,-0.02530200164116163,-0.01275283327015517,-0.007572269401859922,1.450478451651102,0.7016022656370393,0.4641824906282279
3,739466,-0.015,-0.02167756281849847,-0.01098992534547945,-0.006411581222244658,1.449081031686117,0.7087560247591491,0.4625411197009658
3,739466,-0.0125,-0.0180565530386731,-0.009208862988117773,-0.005263753715043123,1.447690315073361,0.7161275734439607,0.4538360187928394
3,739466,-0.01,-0.01443913108012427,-0.007408950240991577,-0.004145185896456638,1.446255801950407,0.723849647758922,0.4396694832938808
3,739466,-0.0075,-0.01082531736499735,-0.00558937537644168,-0.003065982561651013,1.444791065739357,0.7319930939810193,0.4235840093495947
3,739466,-0.005,-0.007215195282585483,-0.003748633176915794,-0.002025343160323029,1.44328888423645,0.740590429152571,0.4101493039894131
3,739466,-0.0025,-0.003608858970679402,-0.001885943330025241,-0.001010592012298694,1.441775146026748,0.7496615229717452,0.4037148352618937
3,739466,0,-6.407936815117675e-06,2.656117241773056e-16,-2.508847356129556e-17,1.440231497855619,0.7592232852813841,0.4073553373982784
3,739466,0.0025,0.003592312434199259,0.001910534942449861,0.001033793803670411,1.438661996362381,0.7693031292757921,0.4223708881459132
3,739466,0.005,0.007186892583694101,0.003846865947856869,0.002119112901737772,1.437051542061518,0.7797985071729493,0.4482122081876034
3,739466,0.0075,0.0107775001293052,0.005809875143378909,0.003280338843956562,1.435402554179573,0.7906465456379002,0.4823968935042439
3,739466,0.01,0.01436391527106015,0.007800325516266594,0.004534077573221034,1.433737096806065,0.8018059748296319,0.5208907665229195
3,739466,0.0125,0.01794614419954932,0.00981907856655527,0.005885277014256667,1.432029099403409,0.8132310806870093,0.5591108205340211
3,739466,0.015,0.02152406638193734,0.01186662518322526,0.007327603779437935,1.430325906710903,0.8248290916123022,0.5931259506096492
3,739466,0.0175,0.02509765923277362,0.01394325781387001,0.008847162884301232,1.428557593607714,0.836484892262106,0.6206840279926444
3,739466,0.02,0.02866694220819934,0.01604897680120643,0.01042647261661232,1.426755878268752,0.8480916125986029,0.6413248093391344
3,739466,0.0225,0.03223137992419009,0.01818349808517317,0.01204899791148938,1.424920132499729,0.8594935730412936,0.6557573877024279
3,739466,0.025,0.03579147470293598,0.02034609912832029,0.01370102098391833,1.423089772209586,0.8703689498881125,0.6657470291244246
3,739466,0.0275,0.03934686939499254,0.02253548648109307,0.01537122039577687,1.421253180511995,0.8808374866898464,0.6707038674763931
3,739466,0.03,0.04289771556778114,0.02474987357688589,0.01705071761216916,1.419410357406955,0.890899183446496,0.6706279027583343
4,825971,-0.03,-0.8978657161644052,-0.8889816151340497,-0.8818188075903408,1.393900906925565,0.9006355964593746,0.7764115400037938
4,825971,-0.0275,-0.894380107611096,-0.886732277388803,-0.8798792797658426,1.394576132154748,0.8999330632572319,0.7718418461833719
4,825971,-0.025,-0.8908928538481276,-0.8844843249475827,-0.8779623856727022,1.395251315144892,0.8982753466323895,0.7629450089557431
4,825971,-0.0225,-0.8874038066362422,-0.8822393162362288,-0.8760737728534322,1.395926455896088,0.895662446584879,0.7497210283208915
4,825971,-0.02,-0.8839132800359272,-0.8800036879292462,-0.874215237250666,1.396612419281396,0.8909780173717508,0.7319354648863481
4,825971,-0.0175,-0.8804207965880644,-0.8777845174297174,-0.8724126364919651,1.397271829151691,0.8877681295382018,0.7126328086897757
4,825971,-0.015,-0.876926831962758,-0.8755675459079673,-0.8706699230455337,1.397905729723306,0.8869892596319033,0.6855200871545009
4,825971,-0.0125,-0.873431370112604,-0.8733465330484523,-0.8689782996700697,1.398484728743981,0.8876920406402888,0.6524945994933233
4,825971,-0.01,-0.8699344000771257,-0.8711289254382115,-0.8674139194132283,1.399074244075379,0.8921362002258206,0.6070498756965037
4,825971,-0.0075,-0.8664360301321173,-0.8689116368069281,-0.8659373103138435,1.399630630442914,0.8809941232213134,0.572707825114577
4,825971,-0.005,-0.8629362335447248,-0.8667001877760934,-0.86459598875398,1.400176995417027,0.8484366856615253,0.5094060055528757
4,825971,-0.0025,-0.8594352039012929,-0.8646349187614577,-0.8632812929234898,1.400694910466953,0.8346951856105846,0.4823075512243804
4,825971,0,-0.8559327638782992,-0.8625894257260537,-0.8622911275712117,1.401181360351956,0.8548093433952033,0.4665286886718008
4,825971,0.0025,-0.8524292774036728,-0.8603610323491291,-0.8609623779174633,1.401650412226857,0.8747071622339888,0.4352742247558723
4,825971,0.005,-0.8489245873560201,-0.858153619500021,-0.8599980711456509,1.402098221243378,0.8602778019137247,0.3754762437908852
4,825971,0.0075,-0.8454187676555956,-0.8560945640763391,-0.8591807432118257,1.402543044554179,0.8265601096704813,0.2867143651117914
4,825971,0.01,-0.8419118832242243,-0.8540449599212998,-0.8585272914008962,1.402962419432328,0.8137683505503617,0.2590370194055254
4,825971,0.0125,-0.8384039907272844,-0.8520004026916981,-0.8578739382530403,1.403361390271002,0.8160499013921054,0.2563809506081327
4,825971,0.015,-0.8348950852922503,-0.8499652632932653,-0.8572183715397701,1.403727969867859,0.8140814662211682,0.280858960256694
4,825971,0.0175,-0.8313853057731135,-0.847933433925715,-0.8564695943275488,1.40410827327743,0.8101103713182312,0.3132330758820245
4,825971,0.02,-0.8278746532510157,-0.8459124064708935,-0.8556324198588882,1.40447558835308,0.8032321482005074,0.3533132838237378
4,825971,0.0225,-0.8243628806314972,-0.8439175665361142,-0.8547049615740365,1.404839565451951,0.7944457398153304,0.3935872533509865
4,825971,0.025,-0.8208504640131068,-0.8419428606398799,-0.8536650278927715,1.405159817895145,0.787323255239468,0.4354346455527432
4,825971,0.0275,-0.8173371423975604,-0.8399829011913631,-0.8525177857419639,1.405447458913833,0.7807365490838977,0.4793957575132903
4,825971,0.03,-0.8138232218501558,-0.8380371480515955,-0.8512674651916855,1.405702488507972,0.7746856213485709,0.5254705892326336
5,681886,-0.03,1.555940878299744,1.560441314831235,1.565253040148266,3.870721007944255,3.55467271454337,3.312737921965736
5,681886,-0.0275,1.565590890954143,1.569319385334826,1.573535731878897,3.849332916935131,3.547830773608684,3.310370849228664
5,681886,-0.025,1.575187496701824,1.578178206073297,1.581803965927244,3.827903889780168,3.539000996227803,3.30580942397233
5,681886,-0.0225,1.584730479014006,1.587013373922502,1.590057651182218,3.806433926479457,3.528183382400812,3.299053646196825
5,681886,-0.02,1.59421958953947,1.595818950446314,1.598298606210473,3.784915769817815,3.514840007209756,3.290500361781966
5,681886,-0.0175,1.603654991456335,1.604586779722752,1.606510678780594,3.763368201370838,3.500683846131892,3.280846211358863
5,681886,-0.015,1.613036457597392,1.613319636045481,1.614689712045401,3.741783871602109,3.486215207275933,3.26445281614312
5,681886,-0.0125,1.622363853075637,1.62201866442613,1.622835975637974,3.720141252141161,3.471523363412444,3.241419947076622
5,681886,-0.01,1.631637153184781,1.630676542683826,1.630890273372942,3.698485103282081,3.458379267594864,3.206814525694227
5,681886,-0.0075,1.640856247152459,1.639294847200926,1.63887145315691,3.676812470076698,3.435884509716857,3.176812083232051
5,681886,-0.005,1.650021202578555,1.647868104405937,1.646739964099209,3.655125381427325,3.398472096666012,3.11763843022726
5,681886,-0.0025,1.659131862143878,1.65631346347293,1.65456210753132,3.633411055193932,3.374099355429877,3.096683661006182
5,681886,0,1.668188258336608,1.664694857631679,1.662123406888194,3.611679420929448,3.370988049066199,3.096535171473931
5,681886,0.0025,1.677190249638155,1.673167274625348,1.670043506919543,3.589953250538457,3.367074361808079,3.096063014054835
5,681886,0.005,1.686137991172802,1.681572984984211,1.677701935983105,3.568218407783718,3.340295934879919,3.073077411873015
5,681886,0.0075,1.695031396029597,1.689841464231508,1.685305822370968,3.546489335852726,3.298622763352569,3.008828181463144
5,681886,0.01,1.703870417442333,1.698052222102866,1.692779231504055,3.524767139050965,3.270189429644205,2.970827914922808
5,681886,0.0125,1.712655205502217,1.706207098825311,1.700158279166107,3.503052874445444,3.249809918696712,2.927440006664398
5,681886,0.015,1.721385734924683,1.714300840966561,1.707423912634244,3.481338749508438,3.226563674899893,2.897248402090668
5,681886,0.0175,1.730061907964781,1.722337902651812,1.714643204344222,3.459635683071838,3.202258638817085,2.876940618234499
5,681886,0.02,1.738683873115208,1.730313940414924,1.721825067508574,3.437948429508737,3.177009308878695,2.867707774606089
5,681886,0.0225,1.747251707880551,1.738222674852325,1.728984466885345,3.416284108829643,3.151326044969863,2.864131974589014
5,681886,0.025,1.755765289899767,1.746069513891963,1.736149639250069,3.394621203842749,3.12686644649455,2.866626309891326
5,681886,0.0275,1.764224799495611,1.75385719014522,1.743329234286268,3.372964767246283,3.103113436036721,2.875644239420205
5,681886,0.03,1.772630140265923,1.761586300757267,1.750532368231184,3.351314799040126,3.080067013596347,2.891185763175754
6,1265041,-0.03,-1.772630140265923,-1.761586328009353,-1.750532401713311,3.351314799038828,3.080067043160565,2.89118571941893
6,1265041,-0.0275,-1.764224799495611,-1.753857217333347,-1.743329267890486,3.372964767245863,3.103113460798687,2.875644188379611
6,1265041,-0.025,-1.755765289899767,-1.746069541014623,-1.736149672988861,3.394621203842862,3.126866469548406,2.86662625197957
6,1265041,-0.0225,-1.747251707880551,-1.738222701919638,-1.728984500774508,3.416284108829785,3.151326069409691,2.864131910218788
6,1265041,-0.02,-1.738683873115208,-1.730313967421231,-1.721825101564962,3.437948429508992,3.177009339155603,2.86770770267546
6,1265041,-0.0175,-1.730061907964781,-1.722337929568174,-1.714643238592521,3.459635683072037,3.20225867679315,2.876940543790965
6,1265041,-0.015,-1.721385734924683,-1.714300867784111,-1.707423947071855,3.481338749508694,3.226563711699811,2.897248326372164
6,1265041,-0.0125,-1.712655205502217,-1.706207125553292,-1.700158313785525,3.503052874445615,3.249809948973791,2.92743992625617
6,1265041,-0.01,-1.703870417442333,-1.698052248781964,-1.692779266340052,3.524767139051136,3.270189450833641,2.970827823629833
6,1265041,-0.0075,-1.695031396029597,-1.689841490859491,-1.685305857444493,3.546489335852897,3.298622771148615,3.008828079974904
6,1265041,-0.005,-1.686137991172802,-1.681573011614283,-1.677701971300362,3.568218407783888,3.340295923853944,3.073077331240967
6,1265041,-0.0025,-1.677190249638155,-1.673167301313912,-1.670043542429648,3.589953250538628,3.367074328847167,3.096062976336782
6,1265041,0,-1.668188258336608,-1.664694884423183,-1.662123442400873,3.61167942092959,3.370988003398736,3.096535158997824
6,1265041,0.0025,-1.659131862143878,-1.656313490387198,-1.654562143053517,3.633411055194102,3.374099306808432,3.096683643754574
6,1265041,0.005,-1.650021202578555,-1.647868131438609,-1.646739999736704,3.655125381427581,3.398472049459542,3.117638394040824
6,1265041,0.0075,-1.640856247152459,-1.639294874342294,-1.638871488880306,3.676812470076811,3.435884467895562,3.17681204601277
6,1265041,0.01,-1.631637153184781,-1.630676569936355,-1.630890309174799,3.698485103282167,3.458379227691495,3.206814492541213
6,1265041,0.0125,-1.622363853075637,-1.622018691765618,-1.622836011522943,3.720141252141389,3.471523318725929,3.241419911026497
6,1265041,0.015,-1.613036457597392,-1.613319663513981,-1.614689748030374,3.74178387160228,3.486215152524011,3.264452783157196
6,1265041,0.0175,-1.603654991456335,-1.60458680734394,-1.606510714837597,3.763368201370952,3.500683783132104,3.280846185716626
6,1265041,0.02,-1.59421958953947,-1.595818978229969,-1.598298642314365,3.784915769817957,3.514839944591614,3.290500342933541
6,1265041,0.0225,-1.584730479014006,-1.587013401856152,-1.590057687334389,3.806433926479571,3.528183320005695,3.299053629085194
6,1265041,0.025,-1.575187496701824,-1.578178234162091,-1.581804002122058,3.827903889780172,3.53900093195234,3.305809407930928
6,1265041,0.0275,-1.565590890954143,-1.569319413593995,-1.57353576811407,3.849332916934475,3.547830706285462,3.310370832710295
6,1265041,0.03,-1.555940878299744,-1.56044134326036,-1.565253076425534,3.870721007942562,3.554672643005094,3.312737903423304
7,1277500,-0.03,-0.6937340306760129,-0.6959812958341142,-0.7008900019332163,2.94502488310636,2.978948701816009,3.090496913387387
7,1277500,-0.0275,-0.6863430289271821,-0.688511140668573,-0.6931726595389642,2.967658615873871,2.99781361087315,3.097084440098471
7,1277500,-0.025,-0.6788961818322351,-0.6809932358651843,-0.6854179412298751,2.989797982288934,3.016380459961911,3.095048456181036
7,1277500,-0.0225,-0.6713945190866852,-0.6734282269259835,-0.6776796032326242,3.011442982351539,3.034649249082364,3.084388961635085
7,1277500,-0.02,-0.6638392346677965,-0.6658187589065705,-0.6699967958096177,3.032583827514131,3.052082467893044,3.055112746040948
7,1277500,-0.0175,-0.6562320102590629,-0.6581678185214132,-0.6623913694902218,3.053225520197657,3.07049431071259,3.033785244190852
7,1277500,-0.015,-0.6485734803387408,-0.6504679676278655,-0.6548169191236434,3.073433902775747,3.089910463743053,3.040014069293505
7,1277500,-0.0125,-0.640864906166622,-0.6427163813688985,-0.6471606137130053,3.093389393583067,3.109832925102808,3.093647079130733
7,1277500,-0.01,-0.6331068300592824,-0.6349192299224257,-0.6393306484225678,3.113166230068984,3.13108838153039,3.190714528070885
7,1277500,-0.0075,-0.625299074205626,-0.627073308533918,-0.6311883829437152,3.132933565903599,3.145414516490717,3.327301381675937
7,1277500,-0.005,-0.6174420931299984,-0.6191840219400727,-0.6227328803811638,3.152717469012245,3.147026960987318,3.425302072611089
7,1277500,-0.0025,-0.6095353524508785,-0.6113161410147373,-0.6139427409592987,3.172702095021243,3.160432955122694,3.545323678842017
7,1277500,0,-0.601578630596285,-0.6034294666589499,-0.6051774577398275,3.19290850515511,3.182941551263163,3.643279179661711
7,1277500,0.0025,-0.5935706688794177,-0.5953935236714721,-0.5957710362086956,3.213271888273866,3.196057106878889,3.673863011331022
7,1277500,0.005,-0.5855122089707381,-0.5874084558150751,-0.5867114290237783,3.233636529930337,3.192390022995909,3.603135150838895
7,1277500,0.0075,-0.5774026411343777,-0.5794723285798972,-0.5779097359758534,3.253974811042866,3.183901972653231,3.431535449925192
7,1277500,0.01,-0.5692428739084185,-0.5714913817243752,-0.5695189120955655,3.273907572669145,3.192441246907094,3.293021995921961
7,1277500,0.0125,-0.5610330663852747,-0.563494536858353,-0.5614380670210295,3.293389094346409,3.200611389651982,3.185016466587797
7,1277500,0.015,-0.5527769637887794,-0.555494731614947,-0.553558931196322,3.312013084512749,3.200054575777735,3.146102405358604
7,1277500,0.0175,-0.5444736237949784,-0.5474983665938948,-0.545681477281944,3.329693034752466,3.196300952208375,3.166230376198449
7,1277500,0.02,-0.5361289444598015,-0.5395140929092451,-0.5376927085375166,3.346431254078979,3.189291408863447,3.226496856982827
7,1277500,0.0225,-0.527742972950218,-0.5315531538884273,-0.5295373119812932,3.361997799257175,3.180205858929867,3.296926545863805
7,1277500,0.025,-0.5193194753022601,-0.5236150133596265,-0.5212068046015639,3.376427104197681,3.171435657685461,3.352467583594115
7,1277500,0.0275,-0.5108613487705858,-0.5156986335656421,-0.5127443829579664,3.389749294705291,3.162135635022367,3.403760325503487
7,1277500,0.03,-0.5023718263233375,-0.5078038663583551,-0.504199657373705,3.401964370780025,3.152305790940598,3.450804771591929
8,143458,-0.03,0.5998949679167953,0.6010763211017127,0.6078970956623991,0.05952848618125116,0.09650694376385775,-0.01614127404539038
8,143458,-0.0275,0.6000436521702155,0.6013116228485087,0.6078922010352401,0.05942006035547621,0.09260077326436029,0.006953521094911617
8,143458,-0.025,0.600192070333927,0.6015391069368237,0.6079212125355555,0.05931320267721814,0.08862581189808781,0.01723592707414122
8,143458,-0.0225,0.6003402207919042,0.6017563481300189,0.6079638145861657,0.05920791314643736,0.08458205966502419,0.01470594389226676
8,143458,-0.02,0.6004881083838324,0.6019613293922463,0.6079839230424778,0.05910433970533546,0.08040037315699777,0.0005797606463175953
8,143458,-0.0175,0.6006357440140899,0.6021574892531246,0.6079539583236796,0.05900198708883408,0.07613035708841664,-0.03177489745510798
8,143458,-0.015,0.6007831213327873,0.602343378098749,0.6078293776203442,0.05890040231625449,0.0718028872803842,-0.07423448850005343
8,143458,-0.0125,0.6009302444336715,0.6025161736621549,0.6075699350465789,0.05879922220427147,0.0672952452498663,-0.1215303281949787
8,143458,-0.01,0.6010771195690093,0.6026802437852121,0.6072241498883114,0.05869992390579171,0.06148490536391193,-0.1619121113541837
8,143458,-0.0075,0.6012237444411462,0.602835218178464,0.6067633407840756,0.05860129551598448,0.0625502447274755,-0.2039247421479899
8,143458,-0.005,0.6013701273076935,0.6029863313606629,0.60624253773118,0.0585039103523215,0.07700007829244271,-0.2007778129229649
8,143458,-0.0025,0.6015162644091615,0.6031959874401642,0.6056314078852217,0.05840766974119305,0.08144678936812966,-0.2427048039898949
8,143458,0,0.6016621654703522,0.6034294666589507,0.6051774577398287,0.05831161648939087,0.06950694757738063,-0.3095613459693993
8,143458,0.0025,0.6018078248888021,0.6035440145891929,0.604102186867469,0.05821632774797791,0.05624408901643108,-0.3601107418652418
8,143458,0.005,0.6019532455458361,0.6036747769451025,0.6032619714611569,0.05812104817385233,0.05826507487380184,-0.343892492528127
8,143458,0.0075,0.6020984313223453,0.6038589478069801,0.60251929027678,0.05802665410305963,0.07186498422684906,-0.2423329249749244
8,143458,0.01,0.6022433791749726,0.6040414479558043,0.6020270687969302,0.05793239681209172,0.07455720435618218,-0.164005430137145
8,143458,0.0125,0.602388093091231,0.6042215272742701,0.6017117810151555,0.05783814125864239,0.07191878348864122,-0.08555449460663311
8,143458,0.015,0.6025325712870667,0.6044015270434023,0.6015814666536482,0.0577445090668931,0.0711852352259541,-0.03074299623727939
8,143458,0.0175,0.6026768156736291,0.6045781430866701,0.6015519169451549,0.05765184574163129,0.07092599122569254,0.007021739629941237
8,143458,0.02,0.6028208303205866,0.604754860455196,0.6015910802826532,0.05755991551798445,0.07086830751998718,0.02198667415279942
8,143458,0.0225,0.6029646174961212,0.6049332958245288,0.6016504148728197,0.05746893922099616,0.07083972172500808,0.01709345110523941
8,143458,0.025,0.6031081744592702,0.6051095596048568,0.6016644489323347,0.05737844750129392,0.07055670732600043,-0.005500600109170517
8,143458,0.0275,0.6032515099760417,0.6052847093958897,0.6015945577315318,0.05728856454506409,0.07007862812682024,-0.04690909805332941
8,143458,0.03,0.6033946188596145,0.6054598665302783,0.6014152593887602,0.0571992903523167,0.0694054841274024,-0.1071320427272251
9,1026027,-0.03,-0.1850316413721119,-0.180450304633072,-0.1782264297238603,0.4391372723915216,0.2070874134777172,0.1533270490516257
9,1026027,-0.0275,-0.18393416579292,-0.1799245356348148,-0.1778400921360252,0.4388329279009636,0.2137828919318762,0.155421880378375
9,1026027,-0.025,-0.1828375279647076,-0.1793817417181328,-0.1774485811261881,0.4384688113845484,0.2203323854213289,0.1582421434039593
9,1026027,-0.0225,-0.1817418655586979,-0.1788225058046574,-0.177049150015421,0.4380449228422876,0.2267358939460671,0.161787838128383
9,1026027,-0.02,-0.1806473616215636,-0.1782477747510874,-0.176638800286864,0.4375622135462898,0.2327844335868967,0.1660846739952895
9,1026027,-0.0175,-0.1795541082758328,-0.1776584772496139,-0.1762175672412291,0.43701750514278,0.2391784795875331,0.1713196780155819
9,1026027,-0.015,-0.1784623140922686,-0.1770524690552961,-0.1757832425142573,0.4364103928391572,0.2460347152071378,0.1768199842252862
9,1026027,-0.0125,-0.1773721177326727,-0.1764281387510492,-0.1753320856230495,0.4357377606955879,0.2529249883411389,0.1825873854216304
9,1026027,-0.01,-0.176283671928214,-0.1757877471359735,-0.1748697507648123,0.4350080156474831,0.2597332941806769,0.1880630532850951
9,1026027,-0.0075,-0.1751971331282866,-0.1751325234160714,-0.1743906199349685,0.4342145280293757,0.2644566392928382,0.1961034853394885
9,1026027,-0.005,-0.1741126438414478,-0.1744636822277629,-0.1738952576426982,0.4333612452098095,0.2664329869105906,0.2022850655010799
9,1026027,-0.0025,-0.1730303826394019,-0.1737965485432675,-0.1733711912078859,0.4324466147048014,0.2700828645181836,0.2099783414272629
9,1026027,0,-0.171950462836674,-0.1731204406078822,-0.1728580001899525,0.4314700496866273,0.2769849978959229,0.2116434525604909
9,1026027,0.0025,-0.1708730744142037,-0.172412534285091,-0.1723105145584715,0.4304341565036829,0.2832136000966443,0.2081748989417243
9,1026027,0.005,-0.1697983507983769,-0.1716970616322318,-0.1718133127018405,0.4293373401527134,0.2855777802696551,0.2020701297102079
9,1026027,0.0075,-0.1687264340535284,-0.1709899844069625,-0.1713145207717683,0.4281828508274046,0.2854305480412194,0.1930614778174835
9,1026027,0.01,-0.1676574831652004,-0.1702740817887048,-0.1708389573155575,0.4269686943986741,0.2863872542374182,0.1869414170355377
9,1026027,0.0125,-0.166591643793416,-0.1695556425320647,-0.1703830398217123,0.4256949991386065,0.2867546519094084,0.1781797749630023
9,1026027,0.015,-0.1655290547323215,-0.1688421072846381,-0.1699477870653042,0.4243623889438481,0.2840438427801075,0.1712734686661115
9,1026027,0.0175,-0.164469874685064,-0.1681375433822145,-0.1695267409212534,0.422974897923261,0.2793277359161905,0.1648565397044166
9,1026027,0.02,-0.1634142381921596,-0.1674464871235472,-0.1691216824167263,0.4215298215472387,0.2728846596452748,0.1589847863764149
9,1026027,0.0225,-0.162362265124277,-0.1667740311203532,-0.1687317721722834,0.4200292511279642,0.2650158487908207,0.1535851805355684
9,1026027,0.025,-0.1613141402347432,-0.1661223790477617,-0.1683530763103085,0.418469842451766,0.2566728112460976,0.1495303092457002
9,1026027,0.0275,-0.1602699693257507,-0.1654925440101483,-0.1679833401577199,0.416852371428495,0.2475203122863347,0.1465790453880838
9,1026027,0.03,-0.1592299223507977,-0.1648851417580116,-0.1676192260838692,0.4151768380581539,0.2375583519115434,0.1447313889627109
10,329471,-0.03,0.1068280679942131,0.1041830321503046,0.1028990773637791,-0.2535360684693163,-0.1195619683339955,-0.08852341472468872
10,329471,-0.0275,0.1061944401112941,0.1038794792924889,0.1026760252511734,-0.2533603184160501,-0.1234276041800492,-0.0897328665384939
10,329471,-0.025,0.1055612959588703,0.103566097093969,0.1024499862559486,-0.2531500733313062,-0.1272089557300525,-0.09136114669288997
10,329471,-0.0225,0.1049287150410756,0.1032432221042574,0.1022193745884413,-0.252905333215093,-0.130906022984,-0.09340825518788343
10,329471,-0.02,0.1042968029305579,0.1029114009918868,0.1019824590561173,-0.2526266513816964,-0.1343981490021093,-0.09588903528330839
10,329471,-0.0175,0.1036656128324969,0.1025711699372163,0.1017392600305772,-0.2523121848584768,-0.138089753270199,-0.09891146761914271
10,329471,-0.015,0.1030352651125756,0.1022212909573904,0.1014885025182425,-0.2519616709254322,-0.1420482032973247,-0.1020870705137327
10,329471,-0.0125,0.1024058399099831,0.1018608337030424,0.1012280269532667,-0.2515733194664254,-0.1460263048685384,-0.1054168795040393
10,329471,-0.01,0.1017774254695368,0.1014911034429701,0.1009610977944315,-0.251151981310187,-0.1499570823909604,-0.1085782582506791
10,329471,-0.0075,0.1011501120087484,0.1011128098641576,0.1006844714705637,-0.2506938702685613,-0.152684107608497,-0.1132204044281782
10,329471,-0.005,0.1005239818749416,0.1007266542344261,0.1003984739009169,-0.2502012407420828,-0.1538251531893042,-0.1167893410152541
10,329471,-0.0025,0.09989913797033012,0.1003414844286878,0.100095904000592,-0.2496731762623146,-0.1559324121033452,-0.1212310543133519
10,329471,0,0.09927564601375399,0.09995113333539213,0.09979961302445611,-0.2491093541519298,-0.1599173615322389,-0.1221924048502441
10,329471,0.0025,0.09865361554188321,0.099542423432328,0.09948352204385316,-0.2485112608123128,-0.1635134474700504,-0.1201898346300432
10,329471,0.005,0.0980331235521005,0.09912934510426785,0.09919646242138976,-0.247878022165068,-0.1648784087911039,-0.1166652439007834
10,329471,0.0075,0.09741425221945005,0.0987211138757868,0.09890848476313088,-0.2472114855329508,-0.1647934051373063,-0.1114640945951688
10,329471,0.01,0.09679709306707286,0.09830778730063325,0.09863391807951588,-0.2465104901929145,-0.1653457603425608,-0.1079306748810271
10,329471,0.0125,0.09618173041738604,0.09789299619824043,0.09837069400352855,-0.2457751192496662,-0.1655578779921782,-0.102872138279869
10,329471,0.015,0.09556824439615585,0.09748103642365694,0.09811940070920705,-0.2450057397068672,-0.1639927922771438,-0.0988847817127585
10,329471,0.0175,0.09495672648977091,0.09707425625583663,0.09787630960757442,-0.2442046786451382,-0.1612699474157431,-0.09517996587974054
10,329471,0.02,0.09434725438508232,0.09667527472853066,0.09764244897666789,-0.2433703716300908,-0.1575500358367243,-0.09178990651659902
10,329471,0.0225,0.09373989751582637,0.09628703206416418,0.09741733420053461,-0.2425039955536175,-0.1530069758265284,-0.08867244355478654
10,329471,0.025,0.09313476227160339,0.09591080055388237,0.09719869404389632,-0.2416036696494843,-0.1481901207078912,-0.08633136388442327
10,329471,0.0275,0.09253191002162037,0.09554716511575113,0.09698522677267976,-0.2406698284521264,-0.1429059226209797,-0.08462745303381479
10,329471,0.03,0.09193143854392463,0.09519648125344701,0.09677500540924433,-0.2397024719615452,-0.1371543815657993,-0.08356071100296347
11,781753,-0.03,-13.87346608793943,-14.03428600263055,-14.05786317692672,2.642451345718724,1.241926224965041,0.5958230803661936
11,781753,-0.0275,-13.86686517821625,-14.03122266281098,-14.05558636562929,2.638281076308436,1.219907333470153,1.130491161388262
11,781753,-0.025,-13.86027463338824,-14.02821931473632,-14.05225520282523,2.634120287750141,1.185369097287053,1.581547007287595
11,781753,-0.0225,-13.85369458941532,-14.02528013724995,-14.04790715991258,2.629968980043714,1.138311516416024,1.94899061806268
11,781753,-0.02,-13.84712485565863,-14.02249004705686,-14.04254080571383,2.625826415721122,1.06260192699051,2.243126550190254
11,781753,-0.0175,-13.84056536515308,-14.01996152425243,-14.03668517105642,2.621700247929994,1.009850411558773,2.484840269694359
11,781753,-0.015,-13.83401635493385,-14.01748338656285,-14.03050176876928,2.6175862889786,0.9929657354007304,2.526294868670902
11,781753,-0.0125,-13.82747749540943,-14.01493413883485,-14.02398701522987,2.613487025946824,1.007333898978686,2.368795679140476
11,781753,-0.01,-13.82094885228655,-14.01243011277343,-14.01882499979706,2.609398933344664,1.112315371589375,1.880993003160256
11,781753,-0.0075,-13.81443052991508,-14.00982397643596,-14.01454869322616,2.605276532525977,0.9753113820145245,1.513865859937823
11,781753,-0.005,-13.80792247892488,-14.00714071855079,-14.01217465402484,2.601140556145992,0.4755557683554343,0.5234930966098545
11,781753,-0.0025,-13.80142480318643,-14.00684382007778,-14.00985272686998,2.597015584231258,0.2779478074435247,0.1711756886074909
11,781753,0,-13.79493745409625,-14.00682929333703,-14.01327531953562,2.592881210943005,0.640986651238336,0.03094898458903117
11,781753,0.0025,-13.78846034638032,-14.00363850988257,-14.00969637998847,2.58875705272294,1.004034074235278,-0.1071009659988249
11,781753,0.005,-13.78199367415821,-14.00073093991952,-14.01185110418444,2.584628409430934,0.806511632599495,-0.4529701503174692
11,781753,0.0075,-13.77553720031384,-14.000208450557,-14.01403741603782,2.580517247243506,0.307172760796675,-1.433389183247073
11,781753,0.01,-13.76909103866782,-13.99960740994442,-14.01809720290197,2.576449355582326,0.1708964747799655,-1.788219280096655
11,781753,0.0125,-13.76265496647641,-13.99890257918458,-14.02301068512939,2.572408235015473,0.2766964718316558,-2.262736303671545
11,781753,0.015,-13.75622893381255,-13.99824050897251,-14.02924336429071,2.568422979054276,0.2919819561773238,-2.407012401547263
11,781753,0.0175,-13.74981288857517,-13.99750511743078,-14.03511242035074,2.564437453527034,0.2760260914581067,-2.352810843919087
11,781753,0.02,-13.74340668415655,-13.99681799452977,-14.04062286682989,2.560454685421519,0.224095427390921,-2.099083366781997
11,781753,0.0225,-13.73701057332643,-13.99639049682469,-14.04561479390298,2.556498951021695,0.1489769634929416,-1.793745742749934
11,781753,0.025,-13.7306242556962,-13.996111095482,-14.04956154851259,2.552573497821406,0.1019736885858163,-1.415935658720533
11,781753,0.0275,-13.72424763618518,-13.99589628010449,-14.0524667527577,2.548676659704673,0.06706301489823378,-0.955330668498852
11,781753,0.03,-13.7178808237359,-13.99574338358016,-14.05429445478752,2.544808436673164,0.0442449424297891,-0.4119307720867464
12,781823,-0.03,5.549347388409492,5.721858996109906,5.743618054184764,6.893180065558042,4.472117173101871,4.206140034409819
12,781823,-0.0275,5.566569800160221,5.733073012916575,5.753696456965192,6.884737867658102,4.486349958488777,3.919218907389832
12,781823,-0.025,5.583771044095453,5.744315150579135,5.763236376230511,6.876270682855968,4.507454526799023,3.680432648369514
12,781823,-0.0225,5.600951242763417,5.755589654386859,5.772248902191813,6.867778511151641,4.535430878032685,3.489781257348682
12,781823,-0.02,5.618109716038618,5.766959983153693,5.780695245959924,6.859286595471644,4.583497675128456,3.344060748863285
12,781823,-0.0175,5.63524757852453,5.778503572224158,5.788939287816541,6.850710005459746,4.609572988252012,3.214466714161404
12,781823,-0.015,5.652363463913424,5.790037464735891,5.797041777785516,6.842044467039273,4.602534048011989,3.207958703940449
12,781823,-0.0125,5.669457484105735,5.801472955995433,5.80488945690317,6.83322046509852,4.572246693911666,3.308028562433378
12,781823,-0.01,5.686529600606102,5.812889884985635,5.813686466304295,6.824400334024403,4.485811561174955,3.618243157739471
12,781823,-0.0075,5.703579368922348,5.824222892169873,5.822908337947023,6.815448927174998,4.580870917516563,3.776903605683742
12,781823,-0.005,5.720606852030299,5.835510864684762,5.83329798680076,6.806436260049168,4.952881102169272,4.389619748245536
12,781823,-0.0025,5.737611401831742,5.848510518185589,5.843246920325117,6.797340934070007,5.082904443210509,4.526626637222421
12,781823,0,5.754593475100951,5.861745865247443,5.857404003534813,6.788131853209734,4.789697805636706,4.540829789186319
12,781823,0.0025,5.77155215029067,5.872460132908424,5.865946381038591,6.778866902622667,4.496178935617422,4.550965913363257
12,781823,0.005,5.788487587029339,5.883403310571804,5.878682969770647,6.769524147395487,4.624548339001763,4.677000819043656
12,781823,0.0075,5.805399804741947,5.896057524479189,5.890937420364125,6.760173216823432,4.993795039311749,5.271946389391928
12,781823,0.01,5.822288458311103,5.908655797459537,5.904313214931347,6.750777789258564,5.083916179680841,5.410507696815102
12,781823,0.0125,5.839153566395145,5.921153641628471,5.918059962527429,6.741324950261514,4.98940830215713,5.701147869415422
12,781823,0.015,5.855995124498376,5.933610340200401,5.932714819614612,6.731826753832024,4.948965740307358,5.782491882938302
12,781823,0.0175,5.872812749339666,5.945940977752748,5.947065541766936,6.722348955531743,4.930485909931917,5.759271911367591
12,781823,0.02,5.889606641949528,5.958231838659962,5.961235426492727,6.71283631542974,4.944657656026834,5.614520429809886
12,781823,0.0225,5.906377080180238,5.970667153535684,5.975171142375607,6.703321985902335,4.980519421275289,5.456245896531186
12,781823,0.025,5.923123167119414,5.98316698314957,5.988508803322113,6.69371414736259,4.995806576532037,5.254810844034772
12,781823,0.0275,5.939845528469772,5.995666321160625,6.00129513856948,6.684036962920326,5.003755609293826,5.007128843531066
12,781823,0.03,5.956543388609824,6.008160756260459,6.01352408902643,6.674290432575526,5.004366519560765,4.713199895020292
13,781879,-0.03,51.31448012912035,52.01463955056342,52.13650562898473,3.696811533322632,-0.5890653327003,-0.4861553681843714
13,781879,-0.0275,51.32370522329893,52.01339414957152,52.13270454945937,3.683288840018255,-0.4943441842495609,-2.204525965719758
13,781879,-0.025,51.33289672766419,52.0123379006901,52.12562082734688,3.669891729487062,-0.3466141236979304,-3.64498543447261
13,781879,-0.0225,51.34205479197576,52.01152458190511,52.11532017910435,3.656620201729311,-0.1458751510408547,-4.807533774439435
13,781879,-0.02,51.35117978374647,52.01139654159194,52.10163777532355,3.643477579391401,0.198261767409349,-5.707162929406877
13,781879,-0.0175,51.36027238219767,52.01249371675755,52.08662353318028,3.63046002635383,0.3990815511015171,-6.51168911395871
13,781879,-0.015,51.3693322278429,52.01359289233272,52.07061022761397,3.617558992474187,0.3755016214754505,-6.63613125968368
13,781879,-0.0125,51.37836012647294,52.0140936653909,52.05294986763319,3.604766145057511,0.1956491912578713,-6.176863595110262
13,781879,-0.01,51.38735624367782,52.01452406247726,52.04034607762276,3.592106487380988,-0.3361233410178102,-4.535280332539514
13,781879,-0.0075,51.3963206927988,52.01451435001962,52.0299177402823,3.579479556529805,0.3649076630854324,-3.650929915520464
13,781879,-0.005,51.40525374089709,52.01440251006688,52.02603846810828,3.566941935067007,2.803473146565921,-0.3816981756599489
13,781879,-0.0025,51.41415543376483,52.02569379864366,52.02003513937417,3.554487471436914,3.728802338165224,0.7778778250294636
13,781879,0,51.42302624178198,52.03815048598671,52.03719921404952,3.542110034977668,1.908438790703258,1.645046409759743
13,781879,0.0025,51.43186610055996,52.03523867961765,52.02824255575074,3.52982092754246,0.08632014190061454,2.495817012666521
13,781879,0.005,51.44067534660121,52.03346802672145,52.04239257176854,3.517592145647541,1.004324297891799,3.610286058213205
13,781879,0.0075,51.44945418981044,52.04309054430156,52.05425300650627,3.505457943786496,3.430775460604309,6.806655045883417
13,781879,0.01,51.45820272045242,52.05256694789852,52.07246788299799,3.493431391136255,4.11166043645153,7.606557506357603
13,781879,0.0125,51.46692135175061,52.06153865282935,52.0926318096784,3.481502985477164,3.548748505403637,9.163431754303929
13,781879,0.015,51.47561037853454,52.07035262658997,52.11766536793834,3.469675926312448,3.329855554105961,9.54048149188111
13,781879,0.0175,51.48426977127112,52.07846197101932,52.14083876931223,3.457901357433911,3.261927744523746,9.34103775038875
13,781879,0.02,51.49289994868194,52.08645636289366,52.16283521855607,3.44619319038884,3.415823918534443,8.467656325640746
13,781879,0.0225,51.50150086208264,52.09556028341999,52.18334899747298,3.43460248091742,3.711101509557011,7.50905860237981
13,781879,0.025,51.51007292070739,52.10522383317745,52.20033375278515,3.423083496019337,3.860735367832443,6.294772670988877
13,781879,0.0275,51.51861643732794,52.11499792064393,52.2139841520831,3.411647548982831,3.955074414905352,4.810130792431905
13,781879,0.03,51.52713126218471,52.12482662433022,52.22425394573081,3.400294639810297,3.994118650774627,3.05513296671084
14,611117,-0.03,0.09368249096954878,0.1743875197830339,0.09842823687153568,0.06345734784213046,-1.670720265102503,-0.008745595348533013
14,611117,-0.0275,0.09384180185587816,0.1697673930973217,0.09834886443937242,0.06399144807791463,-2.051114214555006,-0.05231888236577751
14,611117,-0.025,0.09400244743731946,0.1641305112261079,0.09816620461301905,0.06452610261700428,-2.442109629274774,-0.09619667786171068
14,611117,-0.0225,0.094164433554509,0.1575085922914042,0.09787097468059182,0.06506131145939165,-2.843706509261809,-0.1403789818363315
14,611117,-0.02,0.09432775669907954,0.1498998735744776,0.09746412398902428,0.06559669759343656,-3.242187773770269,-0.1859392323000133
14,611117,-0.0175,0.09449241687179252,0.141262268010334,0.09694299013068255,0.06613351179435334,-3.66660100593201,-0.2288424508493776
14,611117,-0.015,0.09465842356177279,0.1314927350654067,0.09631571431167059,0.06667214419135625,-4.145199290256304,-0.2707515224607988
14,611117,-0.0125,0.09482577973119405,0.1203837788430587,0.09559139908773256,0.06721170276998656,-4.735509187432909,-0.3158084441494111
14,611117,-0.01,0.09499448195748596,0.1075387884611942,0.09474945088697462,0.06775121651626392,-5.626581242244202,-0.6412685465578356
14,611117,-0.0075,0.09516453297805261,0.0921599776809274,0.09379361471794964,0.06828947436282107,-7.387055164832042,2.307144995066913
14,611117,-0.005,0.0953359291229748,0.07281752961848487,0.09278720983123584,0.06882529447523211,-9.158054691052753,-5.491081533442582
14,611117,-0.0025,0.09550865753147801,0.04928622029517323,0.09982107607135958,0.06935779231039696,-6.901658866144719,-4.749581126585822
14,611117,0,0.09568271353308182,0.03496888589534784,0.03795557930157972,0.0698865888618343,-0.08498932315207064,-0.4124693711595722
14,611117,0.0025,0.09585808901047567,0.04859800861932123,0.09576343219432971,0.07041160864563523,6.845275872738137,4.242914179170604
14,611117,0.005,0.09603477017580415,0.07272841676126723,0.09220305588454149,0.07093376507420146,9.318312996961355,5.891268900965487
14,611117,0.0075,0.09621275231161949,0.09250799745150946,0.09312879856041663,0.07145379027268106,7.544010495841809,-1.963235711263321
14,611117,0.01,0.09639203467300307,0.1079715323399771,0.09392062418128694,0.07196968359919609,5.593926458052815,0.4561603485545778
14,611117,0.0125,0.09657259916076509,0.1205325601120565,0.09460970555159451,0.07247889401147312,4.533442638814469,0.2528962452472872
14,611117,0.015,0.096754424125588,0.1309229332225341,0.09519002358539171,0.0729814615180242,3.765090323260635,0.2186043809233471
14,611117,0.0175,0.09693749952040599,0.1395199890122003,0.09570154227868859,0.07347881381017451,3.113359187782489,0.1885894355048574
14,611117,0.02,0.09712181326723093,0.1465882269113343,0.0961427995234735,0.07397027073351659,2.55119166859696,0.1625809289217557
14,611117,0.0225,0.09730734621689585,0.1523526569440127,0.0965147766566096,0.07445406472712968,2.073564719203189,0.1378821593318396
14,611117,0.025,0.09749407877644124,0.1570223156758183,0.09683377982113651,0.07493143382438679,1.671274494638551,0.117026306637882
14,611117,0.0275,0.09768199458992237,0.1607917698029233,0.09710394539221327,0.0754020625632128,1.349322324637399,0.09955733408155296
14,611117,0.03,0.09787108359893805,0.1638338735961934,0.09733421019864377,0.07586595094360572,1.107708209199738,0.08547524166285486
15,977342,-0.03,4.538354452982651,4.544387447837009,4.540629300624785,-3.50594013533846,-2.690426457108785,-2.420228839726156
15,977342,-0.0275,4.529594749303009,4.537664043680446,4.534471475064581,-3.501791088672779,-2.691808213763201,-2.490297836843625
15,977342,-0.025,4.520845577353026,4.530935362988872,4.528181633530544,-3.497628706279508,-2.691608383651209,-2.550098909766044
15,977342,-0.0225,4.512106454714377,4.524200142125661,4.521757916981962,-3.493452988158765,-2.689826966772841,-2.599632058493796
15,977342,-0.02,4.503378515506795,4.517475549341306,4.515184529783915,-3.489306168012092,-2.682403512951169,-2.640131593324327
15,977342,-0.0175,4.494660154741108,4.510785915366634,4.508549607353737,-3.485039159580538,-2.6823463876745,-2.678723297952956
15,977342,-0.015,4.485952996610427,4.504073229677122,4.501864348030235,-3.480660493607502,-2.693263167582643,-2.681994488540795
15,977342,-0.0125,4.477257230104995,4.497306140464457,4.495105239466234,-3.476063169408235,-2.712183468624801,-2.658735658114267
15,977342,-0.01,4.468572692158371,4.490510161734846,4.488604167277956,-3.471478657890032,-2.748880741525966,-2.585867480435752
15,977342,-0.0075,4.45989992370227,4.483665954926477,4.482166958000422,-3.466769932116847,-2.724953611925287,-2.554715330796796
15,977342,-0.005,4.451238818184326,4.476792835481803,4.476015233161529,-3.462011175525106,-2.609292441270043,-2.395624440038148
15,977342,-0.0025,4.442590056039458,4.470462174224452,4.469767129692553,-3.457163718094762,-2.574829065763481,-2.349121247260427
15,977342,0,4.433952983171691,4.464190053075118,4.46466703552171,-3.452237780231826,-2.680467410822644,-2.329984233505058
15,977342,0.0025,4.425328785288178,4.45706012578631,4.4581173089071,-3.44729173617776,-2.785646516130726,-2.311368098846401
15,977342,0.005,4.416716712063946,4.449991542619024,4.452714368796677,-3.442338845423933,-2.749658541353824,-2.265935823786151
15,977342,0.0075,4.408116968607097,4.4434700020901,4.447214346596183,-3.437455629134774,-2.631397589755977,-2.102118532877739
15,977342,0.01,4.399529418710436,4.436927752104856,4.442009358832638,-3.43257879746443,-2.60376985262053,-2.064273865136784
15,977342,0.0125,4.390954114503558,4.430347789754681,4.43690819409183,-3.42772830544385,-2.635775247251786,-1.986506961813348
15,977342,0.015,4.382390759957223,4.423751603875357,4.432050372120592,-3.422834225959889,-2.649333923245081,-1.96066539743083
15,977342,0.0175,4.373839708617577,4.417115161962254,4.427128577656458,-3.418061232446064,-2.654356286993959,-1.960931889298195
15,977342,0.02,4.365300812311456,4.410470975341382,4.422174897782227,-3.413292929810098,-2.647888898615463,-1.992551507578867
15,977342,0.0225,4.356773031890552,4.403878361932404,4.417173099175828,-3.408557479867113,-2.633455013191508,-2.029198135831507
15,977342,0.025,4.348258013161117,4.397314858547714,4.412025641526297,-3.403700116520163,-2.624003403504484,-2.079412429060388
15,977342,0.0275,4.339754717243271,4.390764774638511,4.406736955368206,-3.398764477233336,-2.615494144816822,-2.143570366565069
15,977342,0.03,4.331264143571676,4.384230964492951,4.401300338912272,-3.393750562006422,-2.607927237128588,-2.221671948345366
16,780179,-0.03,2.598295717780744,2.598288313272398,2.606184775873481,1.455298686642715,1.152127927956126,0.8470366669773572
16,780179,-0.0275,2.601927089044313,2.601141976594213,2.608342226893642,1.449800705860664,1.134890799347309,0.8711896851887285
16,780179,-0.025,2.605544725694428,2.603959750145425,2.610538914879616,1.444311479691515,1.117763088142809,0.8905578965577684
16,780179,-0.0225,2.609148671631435,2.606738119346865,2.612777675444296,1.438831008135423,1.100744794342688,0.9051413010842566
16,780179,-0.02,2.612738863284048,2.609468592535438,2.615063464984125,1.433362662765887,1.081323332717318,0.9159354543086238
16,780179,-0.0175,2.616315477287007,2.612146132197299,2.617359476441704,1.427894792996881,1.067236979717848,0.9235339432939327
16,780179,-0.015,2.619878374932248,2.614802952526559,2.619654803423416,1.422426608796286,1.060642842591847,0.9187011156658969
16,780179,-0.0125,2.623427577654064,2.617456776832813,2.621954483896809,1.416945771821531,1.059927199070103,0.9011163532682076
16,780179,-0.01,2.626963119309138,2.620104460773662,2.624144251766977,1.411477198841737,1.067592942361273,0.8553595014324173
16,780179,-0.0075,2.630484953969094,2.622757008891771,2.626238650170549,1.406002648187666,1.052594728298459,0.8141889443866148
16,780179,-0.005,2.63399314852549,2.625407778055777,2.62813570776595,1.400534181386149,1.007530263288857,0.7338100477604712
16,780179,-0.0025,2.637487614639216,2.627844005660458,2.629987919574623,1.395068746024606,0.9921663339534348,0.6533447491436846
16,780179,0,2.640968488759309,2.630275773207774,2.631327785395702,1.389598894266044,1.029441934748093,0.5438254579638624
16,780179,0.0025,2.644435647552029,2.632992216823598,2.632702395190976,1.384139495134946,1.065598095801477,0.4248006328222687
16,780179,0.005,2.647889159928343,2.635697090767181,2.63353535299123,1.378686715227786,1.049093971225716,0.3292630606826492
16,780179,0.0075,2.651329107130304,2.638185726175168,2.634266185503499,1.373256927467935,1.004661770008738,0.2429995890345822
16,780179,0.01,2.654755468651478,2.640680727718333,2.634820177724913,1.367845200562044,0.9913624537296073,0.2090413769338966
16,780179,0.0125,2.65816832726293,2.643181564420746,2.635317664845233,1.362448435407146,0.9997984293814852,0.1761626466456505
16,780179,0.015,2.661567742498732,2.645675787620054,2.635721110863748,1.357072167902231,0.9980435146563877,0.1661337344731351
16,780179,0.0175,2.664953707713584,2.648163715075248,2.636144918455101,1.351717710019102,0.9891816238322804,0.1672173303065279
16,780179,0.02,2.668326323924431,2.650622805316941,2.636587478555906,1.346380498096664,0.9714236267481624,0.1847424634248682
16,780179,0.0225,2.671685648205181,2.653018295394906,2.637071895154896,1.341065616307219,0.9473450810098143,0.212741521750786
16,780179,0.025,2.675031653583718,2.65535361765805,2.637658170397614,1.335760463825724,0.9250017509787591,0.2553064378129027
16,780179,0.0275,2.678364458054098,2.65763535470413,2.638370386908843,1.330468325840525,0.9017663801704559,0.3120041660476098
16,780179,0.03,2.681684017715977,2.659864858978381,2.639229263341781,1.3251892023518,0.8776389685847752,0.3828347064548007
17,500521,-0.03,1.975633399984669,1.988192895541341,1.986988897225803,-1.909377797014326,-1.615474452596664,-1.69184260342246
17,500521,-0.0275,1.970871122379464,1.984171556618778,1.98272285628312,-1.900485078160913,-1.601501567803661,-1.707105303111895
17,500521,-0.025,1.966130923607545,1.980185043702421,1.978451040975993,-1.891656631574274,-1.588979113154295,-1.718664905681705
17,500521,-0.0225,1.961412719899661,1.976225758507663,1.974155855138676,-1.882892457254343,-1.577907088648715,-1.726521411131955
17,500521,-0.02,1.956716456365329,1.972291935338871,1.969824461002644,-1.874182437826704,-1.567924865380007,-1.737825040908973
17,500521,-0.0175,1.95204173044172,1.968384707580817,1.965479976551496,-1.865554743038814,-1.560566805096556,-1.735342552467017
17,500521,-0.015,1.947388576720705,1.964491181687676,1.961174983977623,-1.857019699358034,-1.555324989971581,-1.69985203001184
17,500521,-0.0125,1.942756590827279,1.96060441827534,1.957001628957,-1.848579308649448,-1.550647054475803,-1.618461997418251
17,500521,-0.01,1.938145551829206,1.95673429733314,1.953099358541024,-1.840274745078773,-1.553740191381991,-1.494271388208091
17,500521,-0.0075,1.933555161219555,1.952872859306773,1.949545889388588,-1.832071708293483,-1.541671133263947,-1.352466013076338
17,500521,-0.005,1.928985064677015,1.94900623158413,1.946354503872457,-1.824001553783944,-1.498307282128735,-1.200995268070244
17,500521,-0.0025,1.924435133406464,1.945336264101552,1.943479336213178,-1.816024821149739,-1.463789692879743,-1.085305391338721
17,500521,0,1.919904907366305,1.941766575818123,1.94094127505149,-1.808085263166191,-1.457063657501891,-1.01559915271605
17,500521,0.0025,1.915394599314108,1.938057769381342,1.938373235362077,-1.800182583089708,-1.44882457185048,-0.9981462695011771
17,500521,0.005,1.910904136630941,1.934446863109589,1.935881508775161,-1.79225012942797,-1.406175569259091,-1.023524676405287
17,500521,0.0075,1.906433368462782,1.931069210336759,1.933272386903511,-1.78425331176399,-1.345156460461709,-1.067929670566599
17,500521,0.01,1.901982886198318,1.927748210717295,1.930513599418405,-1.776123067596586,-1.309583408357582,-1.136815357279431
17,500521,0.0125,1.897552895856804,1.924487342387544,1.927584657491437,-1.767853405868266,-1.290059690567432,-1.2000222262634
17,500521,0.015,1.893143676897203,1.921298763216,1.924515012889319,-1.759496826229224,-1.264955765033136,-1.254646411617728
17,500521,0.0175,1.888755477463136,1.918165338169538,1.921316423763636,-1.751060283447458,-1.240959898019355,-1.29825662226034
17,500521,0.02,1.884388446142577,1.915088236508614,1.918019983933674,-1.742559315972585,-1.218522685859767,-1.338177863376103
17,500521,0.0225,1.880042698006279,1.912070465579709,1.914626816250314,-1.734015596988399,-1.198171633220568,-1.382345960862864
17,500521,0.025,1.87571840159915,1.909096548926335,1.911105173483916,-1.725450603536558,-1.183307406267351,-1.4383301291365
17,500521,0.0275,1.87141551929296,1.906151811681814,1.90742991103654,-1.716854989232099,-1.172871409559022,-1.503248520340513
17,500521,0.03,1.86713413349639,1.903227125692322,1.903579676368507,-1.708228754074922,-1.166863643095448,-1.577101134474859
18,1265853,-0.03,1.905850130575176,1.935429781013501,1.940610939343483,0.4678022883166837,0.1418922897729334,0.1570264271727746
18,1265853,-0.0275,1.907019303867435,1.935792920970256,1.94098901102823,0.4675392633080219,0.148827243925779,0.1433455633709616
18,1265853,-0.025,1.908187829043188,1.936176237553437,1.941322151365535,0.4672708333314929,0.1571511663761126,0.1237844679625681
18,1265853,-0.0225,1.909355650905139,1.936579432612555,1.941602224696672,0.4669969983871169,0.1668640571239166,0.09834314094752017
18,1265853,-0.02,1.910522804360379,1.937008970282726,1.941809667342747,0.4667161166429139,0.1786729583552074,0.06697272050573133
18,1265853,-0.0175,1.91168924195467,1.937473017354075,1.941932680521278,0.4664343694875015,0.1902497716312155,0.02781655720752951
18,1265853,-0.015,1.912854962905081,1.937963444651069,1.941953921339642,0.4661496586582246,0.2012268926460763,-0.01335518403180913
18,1265853,-0.0125,1.914019990055372,1.938475049460516,1.941866384308851,0.4658656362113902,0.2108914284228831,-0.04938520723240458
18,1265853,-0.01,1.915184295674147,1.939017532373871,1.941710378401676,0.4655795478671223,0.2134037315302066,-0.07318746311244695
18,1265853,-0.0075,1.916347879219156,1.939575731699518,1.941507507722466,0.465289379735168,0.2327975861834375,-0.0903128993717246
18,1265853,-0.005,1.917510742838248,1.940152486153668,1.941286967917017,0.4649966481115655,0.2795046490487891,-0.08499501682328514
18,1265853,-0.0025,1.918672865221276,1.940930335520992,1.94105119781376,0.4647041039409032,0.308510665667626,-0.07972691751623984
18,1265853,0,1.919834247559641,1.941766581286728,1.940941276945224,0.4644058682616219,0.2969807885557145,-0.0611626757749093
18,1265853,0.0025,1.920994902607221,1.942414384456247,1.940755070141184,0.4641042829903199,0.2785988985384336,-0.02304679125163034
18,1265853,0.005,1.922154761826796,1.94308323842149,1.940790585843733,0.4637952025034622,0.2915591216715541,0.03016479425195939
18,1265853,0.0075,1.923313867565183,1.94390924730855,1.940966575077861,0.4634799005467585,0.3213484915701201,0.1033634485637833
18,1265853,0.01,1.924472164940648,1.944717754222,1.941291952975963,0.4631603138827245,0.326570173016421,0.1716704911872
18,1265853,0.0125,1.925629658608187,1.945509807586611,1.941812959632303,0.462831810330016,0.3162873460990738,0.2466568041705841
18,1265853,0.015,1.926786324619806,1.946300477490126,1.942524864080635,0.4625033102245482,0.3132002469971553,0.3096797857108413
18,1265853,0.0175,1.927942156692664,1.947080216489236,1.943352094531279,0.4621634121122895,0.3116371867877206,0.3480454696870083
18,1265853,0.02,1.929097152391543,1.947855595540344,1.944242624972029,0.4618159796940802,0.3112792532710102,0.3608852117377808
18,1265853,0.0225,1.930251229504646,1.948636653175506,1.945142328845095,0.4614628625176067,0.311731351604692,0.3526256413721285
18,1265853,0.025,1.931404451813041,1.949416121208013,1.945993281296645,0.4611089289142863,0.3102082292000319,0.3293747959165719
18,1265853,0.0275,1.932556780327932,1.950187786102124,1.946761135099536,0.4607526903863705,0.3075602737804661,0.288779402561761
18,1265853,0.03,1.933708213102701,1.950951700275455,1.947424392755019,0.4603941469338472,0.3037874853459642,0.230839461307766
19,923562,-0.03,1.439552943163919,1.478758571226813,1.48424471821799,2.506250690780691,1.660949709883467,1.591841754503528
19,923562,-0.0275,1.445813245070948,1.482919864453812,1.488158839446082,2.5020130960964,1.666277990975611,1.547753510610206
19,923562,-0.025,1.4520630059776,1.487093577108269,1.491986755808647,2.497699018506989,1.672472211402658,1.51031766736891
19,923562,-0.0225,1.458301608998482,1.491279206315907,1.495730368165791,2.493308458012393,1.679532371164612,1.479534224779741
19,923562,-0.02,1.464529523704543,1.495485881260957,1.499385971930238,2.488820040080896,1.689518829647426,1.454913058683815
19,923562,-0.0175,1.470745788426931,1.499725824549754,1.503001729967173,2.484310810411642,1.695847287074145,1.432842106436226
19,923562,-0.015,1.476950857003267,1.503969824565466,1.506586610870449,2.479764918641479,1.696689339570298,1.427614161017573
19,923562,-0.0125,1.483144690539979,1.50820239056824,1.510128568839264,2.475235200191293,1.693526552079447,1.437384706582151
19,923562,-0.01,1.489327005252458,1.512436225549679,1.513787936563196,2.470631790544076,1.681235606872008,1.475097443297472
19,923562,-0.0075,1.495497776613162,1.516661006883505,1.51749815741799,2.465980043323839,1.69923345082691,1.494399976906436
19,923562,-0.005,1.501656870559545,1.520885278789845,1.521358024850113,2.46126747918143,1.763029530320637,1.579725365109624
19,923562,-0.0025,1.50780414626659,1.525396585776543,1.525174888372903,2.456539517311825,1.785462821395214,1.60136292744366
19,923562,0,1.513939415830535,1.529948874241147,1.52957281741335,2.451762827865423,1.736687397458553,1.605340279060272
19,923562,0.0025,1.520062983119326,1.5340797739329,1.533201770308636,2.446943295192767,1.687599636823848,1.60947903611779
19,923562,0.005,1.526174121876275,1.538250059686313,1.537412545110991,2.442054130479477,1.709094902717993,1.631629416980843
19,923562,0.0075,1.532273130891541,1.542704287462283,1.54158214077905,2.437097763071279,1.771330732446955,1.717896082399818
19,923562,0.01,1.53835962713014,1.547153324133711,1.545904312346512,2.432113382958534,1.787143331077601,1.738620221031823
19,923562,0.0125,1.544433629251128,1.551587046630798,1.550281484514171,2.427056528213228,1.772041272687858,1.778234538236461
19,923562,0.015,1.550494916049624,1.556014249116903,1.554781400118764,2.422008736499578,1.765455855121644,1.79034384014048
19,923562,0.0175,1.556543468719624,1.560420702344014,1.559244701349896,2.41684327001488,1.762271970747605,1.787795380286866
19,923562,0.02,1.562579293650695,1.564820398063936,1.563684131017729,2.411616408644988,1.763972753436832,1.768627156342546
19,923562,0.0225,1.568601441894046,1.569241050915232,1.568091132058823,2.406328582858151,1.768734330786998,1.747013633647327
19,923562,0.025,1.574610812940511,1.573668941607074,1.572417661803371,2.40105076207286,1.769988081364247,1.719168928647644
19,923562,0.0275,1.580606774631109,1.578093491144747,1.576667275672832,2.395762193558962,1.769788605244917,1.68467078006449
19,923562,0.03,1.586589580034995,1.582513783060323,1.580837703573588,2.390462877316455,1.768135902429035,1.643519187897872
20,636734,-0.03,-0.01971113787112351,-0.03264380873229655,-0.04471551754952541,-0.02073855287262505,0.1170999066691256,-0.0253743117162375
20,636734,-0.0275,-0.01976298914772075,-0.03235190242816083,-0.04470373342023835,-0.02074294340847004,0.1246706837203361,0.03607875487587079
20,636734,-0.025,-0.01981485258780936,-0.03203256449482857,-0.0445235837121027,-0.02074677773407965,0.125455393860903,0.1104381182282359
20,636734,-0.0225,-0.01986672285226309,-0.03171422827538554,-0.04414379625225243,-0.02075005584945577,0.1194540370908275,0.1977037783408555
20,636734,-0.02,-0.01991860187459347,-0.03143025007188635,-0.04352283145374167,-0.02075262993296301,0.1019939681132711,0.2962815538937082
20,636734,-0.0175,-0.01997048642131077,-0.03121116193792108,-0.04264183615391333,-0.02075503509882992,0.08719722745708802,0.4129119284000993
20,636734,-0.015,-0.02002237608834407,-0.03100254482277421,-0.04145927357343544,-0.02075697276134481,0.08042499057840891,0.5441737334739463
20,636734,-0.0125,-0.02007427117875818,-0.03080949489683261,-0.03989622950926837,-0.02075865667147614,0.07297583572624333,0.6939159181173413
20,636734,-0.01,-0.02012616941328401,-0.03064666506239284,-0.0379718194418467,-0.0207600341356633,0.05998732743813218,0.8437519372974052
20,636734,-0.0075,-0.02017807049701621,-0.03057199464107648,-0.03558318088417123,-0.02076100085474852,0.0007153783509887823,1.194520274107914
20,636734,-0.005,-0.02022997424803668,-0.03063522923174202,-0.03270304898597141,-0.02076147579180798,-0.1725271654298175,1.236034074231145
20,636734,-0.0025,-0.0202818780418972,-0.03118420088578517,-0.02876637492126056,-0.02076157171490722,-0.2337722262185316,1.05677894142762
20,636734,0,-0.02033378107504755,-0.03213403170655581,-0.02788012943028517,-0.0207612114089768,-0.1649663477983236,0.4495982699919985
20,636734,0.0025,-0.02038568432386795,-0.03201265003916157,-0.02658638815209461,-0.02076082816773539,-0.09771155906763829,-0.1358832756075139
20,636734,0.005,-0.02043758451261604,-0.03229111745753939,-0.02811983243368596,-0.02075991087702667,-0.1626301007191575,-0.3149788838468774
20,636734,0.0075,-0.02048948362853735,-0.03307498386431786,-0.02875282490599885,-0.02075839741762264,-0.3415398500672135,-0.3839156103918846
20,636734,0.01,-0.02054137660886347,-0.03400955427292952,-0.02940252441969764,-0.02075658563820904,-0.405815846456135,-0.2430890825823289
20,636734,0.0125,-0.02059326515935015,-0.03503958317455942,-0.03009442488460366,-0.02075406740372143,-0.4205762931697019,-0.3087600937005019
20,636734,0.015,-0.02064514776534554,-0.0361023839711894,-0.03095139132664406,-0.02075157367498104,-0.4277816850651348,-0.3356151004999366
20,636734,0.0175,-0.02069702149513827,-0.03717799700012499,-0.03178553008665844,-0.02074823520087721,-0.433509212893032,-0.3396007621253676
20,636734,0.02,-0.02074888913415586,-0.03826034190759567,-0.03259740828258451,-0.02074433075895232,-0.4475421056391187,-0.3095326643770542
20,636734,0.0225,-0.02080074341285832,-0.03940808894679056,-0.03333027068861866,-0.02074016356706032,-0.4645709837638075,-0.2570930670294711
20,636734,0.025,-0.02085258816338587,-0.04058867440604037,-0.03387171406399619,-0.02073563259768524,-0.4692660332332731,-0.1835780950147256
20,636734,0.0275,-0.02090442195563763,-0.04176573160587634,-0.03419674305545554,-0.02073074625711312,-0.4666529234046201,-0.08706603057005301
20,636734,0.03,-0.0209562419245069,-0.04290882868591367,-0.0342919536904039,-0.02072550454534242,-0.4567316542778498,0.03244312630454719
